<application>
  <component name="CachedDictionaryState">
    <words>
      <w>absicherung</w>
      <w>achtung</w>
      <w>addnode</w>
      <w>alfen</w>
      <w>easee</w>
      <w>energie</w>
      <w>evcharger</w>
      <w>firmenname</w>
      <w>fusionsolar</w>
      <w>heutige</w>
      <w>hinzufügen</w>
      <w>messerung</w>
      <w>messpunkts</w>
      <w>monatliche</w>
      <w>ongrid</w>
      <w>perpower</w>
      <w>produzierte</w>
      <w>relogin</w>
      <w>schliessen</w>
      <w>smartpi</w>
      <w>stationcode</w>
      <w>webpluginapi</w>
      <w>zaptec</w>
      <w>zurück</w>
    </words>
  </component>
</application>